{"activity":24.350628,"cam_id":-1,"count_food":0.415294,"pollution":1,"stocks":21,"weight":15.636765}