{"activity":23.321959,"cam_id":-1,"count_food":0.425293,"pollution":1,"stocks":22,"weight":15.324567}