{"activity":17.124493,"cam_id":-1,"count_food":0.38141,"pollution":1,"stocks":13,"weight":14.890983}